N°,Título,Rating,Precio
1,Sharp Objects,Four,Â£47.82
2,Sapiens: A Brief History of Humankind,Five,Â£54.23
3,The Dirty Little Secrets of Getting Your Dream Job,Four,Â£33.34
4,The Boys in the Boat: Nine Americans and Their Epic Quest for Gold at the 1936 Berlin Olympics,Four,Â£22.60
5,Shakespeare's Sonnets,Four,Â£20.66
6,Set Me Free,Five,Â£17.46
7,Scott Pilgrim's Precious Little Life (Scott Pilgrim #1),Five,Â£52.29
8,Rip it Up and Start Again,Five,Â£35.02
9,Chase Me (Paris Nights #2),Five,Â£25.27
10,Black Dust,Five,Â£34.53
11,Worlds Elsewhere: Journeys Around Shakespeareâs Globe,Five,Â£40.30
12,Wall and Piece,Four,Â£44.18
13,The Four Agreements: A Practical Guide to Personal Freedom,Five,Â£17.66
14,The Elephant Tree,Five,Â£23.82
15,Sophie's World,Five,Â£15.94
16,Behind Closed Doors,Four,Â£52.22
17,Private Paris (Private #10),Five,Â£47.61
18,#HigherSelfie: Wake Up Your Life. Free Your Soul. Find Your Tribe.,Five,Â£23.11
19,"We Love You, Charlie Freeman",Five,Â£50.27
20,Untitled Collection: Sabbath Poems 2014,Four,Â£14.27
21,"Unseen City: The Majesty of Pigeons, the Discreet Charm of Snails & Other Wonders of the Urban Wilderness",Four,Â£44.18
22,This One Summer,Four,Â£19.49
23,Thirst,Five,Â£17.27
24,The Past Never Ends,Four,Â£56.50
25,The Nameless City (The Nameless City #1),Four,Â£38.16
26,The Most Perfect Thing: Inside (and Outside) a Bird's Egg,Four,Â£42.96
27,"The Mindfulness and Acceptance Workbook for Anxiety: A Guide to Breaking Free from Anxiety, Phobias, and Worry Using Acceptance and Commitment Therapy",Four,Â£23.89
28,"The Inefficiency Assassin: Time Management Tactics for Working Smarter, Not Longer",Five,Â£20.59
29,The Death of Humanity: and the Case for Life,Four,Â£58.11
30,The Activist's Tao Te Ching: Ancient Advice for a Modern Revolution,Five,Â£32.24
31,Spark Joy: An Illustrated Master Class on the Art of Organizing and Tidying Up,Four,Â£41.83
32,"Princess Jellyfish 2-in-1 Omnibus, Vol. 01 (Princess Jellyfish 2-in-1 Omnibus #1)",Five,Â£13.61
33,Princess Between Worlds (Wide-Awake Princess #5),Five,Â£13.34
34,"Outcast, Vol. 1: A Darkness Surrounds Him (Outcast #1)",Four,Â£15.44
35,"Mama Tried: Traditional Italian Cooking for the Screwed, Crude, Vegan, and Tattooed",Four,Â£14.02
36,Join,Five,Â£35.67
37,In the Country We Love: My Family Divided,Four,Â£22.00
38,Immunity: How Elie Metchnikoff Changed the Course of Modern Medicine,Five,Â£57.36
39,First and First (Five Boroughs #3),Four,Â£15.97
40,Danganronpa Volume 1,Four,Â£51.99
41,"Codename Baboushka, Volume 1: The Conclave of Death",Four,Â£36.72
42,Camp Midnight,Four,Â£17.08
43,Call the Nurse: True Stories of a Country Nurse on a Scottish Isle,Five,Â£29.14
44,"A Piece of Sky, a Grain of Rice: A Memoir in Four Meditations",Five,Â£56.76
45,A Flight of Arrows (The Pathfinders #2),Five,Â£55.53
46,A Fierce and Subtle Poison,Four,Â£28.13
47,(Un)Qualified: How God Uses Broken People to Do Big Things,Five,Â£54.00
48,You Are What You Love: The Spiritual Power of Habit,Four,Â£21.87
49,"William Shakespeare's Star Wars: Verily, A New Hope (William Shakespeare's Star Wars #4)",Four,Â£43.30
50,The White Cat and the Monk: A Retelling of the Poem âPangur BÃ¡nâ,Four,Â£58.08
51,The Vacationers,Four,Â£42.15
52,The Third Wave: An Entrepreneurâs Vision of the Future,Five,Â£12.61
53,The Stranger,Four,Â£17.44
54,The Secret (The Secret #1),Four,Â£27.37
55,The Regional Office Is Under Attack!,Five,Â£51.36
56,The Nerdy Nummies Cookbook: Sweet Treats for the Geek in All of Us,Five,Â£37.34
57,The Murder of Roger Ackroyd (Hercule Poirot #4),Four,Â£44.10
58,The Kite Runner,Four,Â£41.82
59,The Artist's Way: A Spiritual Path to Higher Creativity,Five,Â£38.49
60,The Art of War,Five,Â£33.34
61,Something More Than This,Four,Â£16.24
62,Scarlett Epstein Hates It Here,Five,Â£43.55
63,Redeeming Love,Five,Â£20.47
64,Poems That Make Grown Women Cry,Four,Â£14.19
65,Mrs. Houdini,Five,Â£30.25
66,Modern Romance,Five,Â£28.26
67,Library of Souls (Miss Peregrineâs Peculiar Children #3),Five,Â£48.56
68,I Had a Nice Time And Other Lies...: How to find love & sh*t like that,Four,Â£57.36
69,Full Moon over Noahâs Ark: An Odyssey to Mount Ararat and Beyond,Four,Â£49.43
70,Frostbite (Vampire Academy #2),Five,Â£29.99
71,Finders Keepers (Bill Hodges Trilogy #2),Five,Â£53.53
72,"Fables, Vol. 1: Legends in Exile (Fables #1)",Four,Â£41.62
73,Eureka Trivia 6.0,Four,Â£54.59
74,Drive: The Surprising Truth About What Motivates Us,Four,Â£34.95
75,Done Rubbed Out (Reightman & Bailey #1),Five,Â£37.72
76,Dark Notes,Five,Â£19.19
77,Close to You,Four,Â£49.46
78,Batman: The Dark Knight Returns (Batman),Five,Â£15.38
79,Anonymous,Four,Â£46.82
80,Amatus,Five,Â£50.54
81,Agnostic: A Spirited Manifesto,Five,Â£12.51
82,You (You #1),Five,Â£43.61
83,"Wonder Woman: Earth One, Volume One (Wonder Woman: Earth One #1)",Four,Â£37.34
84,Why the Right Went Wrong: Conservatism--From Goldwater to the Tea Party and Beyond,Four,Â£52.65
85,Whole Lotta Creativity Going On: 60 Fun and Unusual Exercises to Awaken and Strengthen Your Creativity,Four,Â£38.20
86,Walt Disney's Alice in Wonderland,Five,Â£12.96
87,V for Vendetta (V for Vendetta Complete),Four,Â£37.10
88,The Wright Brothers,Four,Â£56.80
89,The White Queen (The Cousins' War #1),Five,Â£25.91
90,The Time Keeper,Five,Â£27.88
91,The Testament of Mary,Four,Â£52.67
92,The Star-Touched Queen,Five,Â£46.02
93,The Songs of the Gods,Five,Â£44.48
94,The Song of Achilles,Five,Â£37.40
95,The Marriage of Opposites,Four,Â£28.08
96,The Darkest Lie,Five,Â£35.35
97,The Bane Chronicles (The Bane Chronicles #1-11),Four,Â£44.73
98,Superman Vol. 1: Before Truth (Superman by Gene Luen Yang #1),Five,Â£11.89
99,Steve Jobs,Five,Â£39.50
100,Sorting the Beef from the Bull: The Science of Food Fraud Forensics,Four,Â£44.74
101,Someone Like You (The Harrisons #2),Five,Â£52.79
102,"So Cute It Hurts!!, Vol. 6 (So Cute It Hurts!! #6)",Four,Â£35.43
103,Shtum,Four,Â£55.84
104,salt.,Four,Â£46.78
105,"Quarter Life Poetry: Poems for the Young, Broke and Hangry",Five,Â£50.89
106,Old School (Diary of a Wimpy Kid #10),Five,Â£11.83
107,Made to Stick: Why Some Ideas Survive and Others Die,Five,Â£38.85
108,Looking for Lovely: Collecting the Moments that Matter,Five,Â£29.14
109,"Living Leadership by Insight: A Good Leader Achieves, a Great Leader Builds Monuments",Four,Â£46.91
110,Let It Out: A Journey Through Journaling,Five,Â£26.79
111,Lady Midnight (The Dark Artifices #1),Five,Â£16.28
112,I Know What I'm Doing -- and Other Lies I Tell Myself: Dispatches from a Life Under Construction,Four,Â£25.98
113,I Am Pilgrim (Pilgrim #1),Four,Â£10.60
114,"Hyperbole and a Half: Unfortunate Situations, Flawed Coping Mechanisms, Mayhem, and Other Things That Happened",Five,Â£14.75
115,Greek Mythic History,Five,Â£10.23
116,God: The Most Unpleasant Character in All Fiction,Five,Â£30.03
117,"Far & Away: Places on the Brink of Change: Seven Continents, Twenty-Five Years",Four,Â£15.06
118,El Deafo,Five,Â£57.62
119,Eight Hundred Grapes,Four,Â£14.39
120,"Eaternity: More than 150 Deliciously Easy Vegan Recipes for a Long, Healthy, Satisfied, Joyful Life",Five,Â£51.75
121,Demigods & Magicians: Percy and Annabeth Meet the Kanes (Percy Jackson & Kane Chronicles Crossover #1-3),Five,Â£37.51
122,Dear Mr. Knightley,Five,Â£11.21
123,Code Name Verity (Code Name Verity #1),Four,Â£22.13
124,City of Glass (The Mortal Instruments #3),Four,Â£56.02
125,City of Fallen Angels (The Mortal Instruments #4),Four,Â£11.23
126,Cell,Four,Â£20.29
127,Buying In: The Secret Dialogue Between What We Buy and Who We Are,Four,Â£37.80
128,Brain on Fire: My Month of Madness,Five,Â£49.32
129,Barefoot Contessa at Home: Everyday Recipes You'll Make Over and Over Again,Five,Â£50.62
130,Aristotle and Dante Discover the Secrets of the Universe (Aristotle and Dante Discover the Secrets of the Universe #1),Four,Â£58.14
131,All the Light We Cannot See,Five,Â£29.87
132,Abstract City,Five,Â£56.37
133,A Time of Torment (Charlie Parker #14),Five,Â£48.35
134,Rook,Four,Â£37.86
135,The Star-Touched Queen,Five,Â£32.30
136,The Silent Sister (Riley MacPherson #1),Five,Â£46.29
137,The Gray Rhino: How to Recognize and Act on the Obvious Dangers We Ignore,Four,Â£59.15
138,The Epidemic (The Program 0.6),Five,Â£14.44
139,Raspberry Pi Electronics Projects for the Evil Genius,Four,Â£49.67
140,Psycho: Sanitarium (Psycho #1.5),Five,Â£36.97
141,One with You (Crossfire #5),Four,Â£15.71
142,No Love Allowed (Dodge Cove #1),Four,Â£54.65
143,Murder at the 42nd Street Library (Raymond Ambler #1),Four,Â£54.36
144,How to Speak Golf: An Illustrated Guide to Links Lingo,Five,Â£58.32
145,Furiously Happy: A Funny Book About Horrible Things,Four,Â£41.46
146,Everyday Italian: 125 Simple and Delicious Recipes,Five,Â£20.10
147,Eleanor & Park,Five,Â£56.51
148,Dirty (Dive Bar #1),Four,Â£40.83
149,A Paris Apartment,Four,Â£39.01
150,"The Sleep Revolution: Transforming Your Life, One Night at a Time",Four,Â£11.68
151,"Mother, Can You Not?",Five,Â£16.89
152,Keep Me Posted,Four,Â£20.46
153,Grey (Fifty Shades #4),Four,Â£48.49
154,"Exit, Pursued by a Bear",Four,Â£51.34
155,Born for This: How to Find the Work You Were Meant to Do,Five,Â£21.59
156,Arena,Four,Â£21.36
157,Adultery,Five,Â£20.88
158,A Gentleman's Position (Society of Gentlemen #3),Five,Â£14.75
159,10-Day Green Smoothie Cleanse: Lose Up to 15 Pounds in 10 Days!,Five,Â£49.71
160,Without Shame,Five,Â£48.27
161,Watchmen,Four,Â£58.05
162,Unlimited Intuition Now,Four,Â£58.87
163,The New Brand You: Your New Image Makes the Sale for You,Five,Â£44.05
164,"The Moosewood Cookbook: Recipes from Moosewood Restaurant, Ithaca, New York",Four,Â£12.34
165,The Art and Science of Low Carbohydrate Living,Five,Â£52.98
166,Suzie Snowflake: One beautiful flake (a self-esteem story),Five,Â£54.81
167,"NaNo What Now? Finding your editing process, revising your NaNoWriMo book and building a writing career through publishing and beyond",Four,Â£10.41
168,"Fruits Basket, Vol. 9 (Fruits Basket #9)",Four,Â£33.95
169,Art and Fear: Observations on the Perils (and Rewards) of Artmaking,Four,Â£48.63
170,The Unlikely Pilgrimage of Harold Fry (Harold Fry #1),Five,Â£43.62
171,"The Midnight Assassin: Panic, Scandal, and the Hunt for America's First Serial Killer",Four,Â£28.45
172,Smarter Faster Better: The Secrets of Being Productive in Life and Business,Five,Â£38.89
173,Shadows of the Past (Logan Point #1),Five,Â£39.67
174,Roller Girl,Five,Â£14.10
175,Please Kill Me: The Uncensored Oral History of Punk,Four,Â£31.19
176,Out of Print: City Lights Spotlight No. 14,Five,Â£53.64
177,My Life Next Door (My Life Next Door ),Five,Â£36.39
178,Les Fleurs du Mal,Five,Â£29.04
179,Kill 'Em and Leave: Searching for James Brown and the American Soul,Five,Â£45.05
180,John Vassos: Industrial Design for Modern Life,Four,Â£20.22
181,Hystopia: A Novel,Four,Â£21.96
182,History of Beauty,Four,Â£10.29
183,Future Shock (Future Shock #1),Five,Â£55.65
184,Death by Leisure: A Cautionary Tale,Four,Â£37.51
185,Between the World and Me,Four,Â£56.91
186,Being Mortal: Medicine and What Matters in the End,Four,Â£55.06
187,"""Most Blessed of the Patriarchs"": Thomas Jefferson and the Empire of the Imagination",Five,Â£44.48
188,What Happened on Beale Street (Secrets of the South Mysteries #2),Five,Â£25.37
189,The Whale,Four,Â£35.96
190,The Story of Art,Four,Â£41.14
191,The Origin of Species,Four,Â£10.01
192,The Great Gatsby,Four,Â£36.05
193,The Bourne Identity (Jason Bourne #1),Four,Â£42.78
194,The Bachelor Girl's Guide to Murder (Herringford and Watts Mysteries #1),Five,Â£52.30
195,The 7 Habits of Highly Effective People: Powerful Lessons in Personal Change,Four,Â£33.17
196,Team of Rivals: The Political Genius of Abraham Lincoln,Five,Â£20.12
197,Sister Dear,Four,Â£40.20
198,Nightstruck: A Novel,Four,Â£50.35
199,"Naturally Lean: 125 Nourishing Gluten-Free, Plant-Based Recipes--All Under 300 Calories",Five,Â£11.38
200,Life of Pi,Four,Â£13.22
201,Leave This Song Behind: Teen Poetry at Its Best,Five,Â£51.17
202,King's Folly (The Kinsman Chronicles #1),Five,Â£39.61
203,John Adams,Four,Â£57.43
204,How to Cook Everything Vegetarian: Simple Meatless Recipes for Great Food (How to Cook Everything),Four,Â£46.01
205,Good in Bed (Cannie Shapiro #1),Five,Â£37.05
206,Every Heart a Doorway (Every Heart A Doorway #1),Five,Â£12.16
207,Delivering the Truth (Quaker Midwife Mystery #1),Four,Â£20.89
208,Counted With the Stars (Out from Egypt #1),Five,Â£17.97
209,"At The Existentialist CafÃ©: Freedom, Being, and apricot cocktails with: Jean-Paul Sartre, Simone de Beauvoir, Albert Camus, Martin Heidegger, Edmund Husserl, Karl Jaspers, Maurice Merleau-Ponty and others",Five,Â£29.93
210,A Short History of Nearly Everything,Five,Â£52.40
211,A Gathering of Shadows (Shades of Magic #2),Four,Â£44.81
212,The Sound Of Love,Five,Â£57.84
213,The Mysterious Affair at Styles (Hercule Poirot #1),Four,Â£24.80
214,The Man Who Mistook His Wife for a Hat and Other Clinical Tales,Four,Â£59.45
215,The Joy of Cooking,Four,Â£43.27
216,The Hobbit (Middle-Earth Universe),Five,Â£17.80
217,The Collected Poems of W.B. Yeats (The Collected Works of W.B. Yeats #1),Five,Â£15.42
218,The Barefoot Contessa Cookbook,Five,Â£59.92
219,Pride and Prejudice,Four,Â£19.27
220,In Cold Blood,Four,Â£49.98
221,How to Stop Worrying and Start Living,Five,Â£46.49
222,Fun Home: A Family Tragicomic,Four,Â£56.59
223,"Fruits Basket, Vol. 6 (Fruits Basket #6)",Four,Â£20.96
224,Deception Point,Four,Â£40.32
225,Catherine the Great: Portrait of a Woman,Four,Â£58.55
226,A Year in Provence (Provence #1),Four,Â£56.88
227,World Without End (The Pillars of the Earth #2),Four,Â£32.97
228,"Will Grayson, Will Grayson (Will Grayson, Will Grayson)",Four,Â£47.31
229,Where She Went (If I Stay #2),Four,Â£41.73
230,What If?: Serious Scientific Answers to Absurd Hypothetical Questions,Four,Â£53.68
231,The Secret Garden,Four,Â£15.08
232,The Raven Boys (The Raven Cycle #1),Four,Â£57.74
233,The Power Greens Cookbook: 140 Delicious Superfood Recipes,Five,Â£11.05
234,The Mathews Men: Seven Brothers and the War Against Hitler's U-boats,Five,Â£42.91
235,The Hiding Place,Four,Â£55.91
236,The False Prince (The Ascendance Trilogy #1),Five,Â£56.00
237,The Darkest Corners,Five,Â£11.33
238,The Crossover,Four,Â£38.77
239,Talking to Girls About Duran Duran: One Young Man's Quest for True Love and a Cooler Haircut,Four,Â£25.15
240,Siddhartha,Five,Â£34.22
241,Shiver (The Wolves of Mercy Falls #1),Five,Â£16.23
242,My Mother Was Nuts,Four,Â£31.63
243,Mexican Today: New and Rediscovered Recipes for Contemporary Kitchens,Five,Â£24.91
244,Lola and the Boy Next Door (Anna and the French Kiss #2),Four,Â£23.63
245,Killing Floor (Jack Reacher #1),Four,Â£31.49
246,Kill the Boy Band,Five,Â£15.52
247,Isla and the Happily Ever After (Anna and the French Kiss #3),Five,Â£48.13
248,If I Stay (If I Stay #1),Five,Â£38.13
249,Dracula the Un-Dead,Five,Â£35.63
250,Digital Fortress,Five,Â£58.00
251,Booked,Five,Â£17.49
252,"Blue Lily, Lily Blue (The Raven Cycle #3)",Five,Â£34.13
253,Approval Junkie: Adventures in Caring Too Much,Five,Â£58.81
254,An Abundance of Katherines,Five,Â£10.00
255,Alight (The Generations Trilogy #2),Four,Â£58.59
256,A Feast for Crows (A Song of Ice and Fire #4),Four,Â£17.21
257,Vogue Colors A to Z: A Fashion Coloring Book,Four,Â£52.35
258,The Passion of Dolssa,Five,Â£28.32
259,The Hunger Games (The Hunger Games #1),Five,Â£29.85
260,The Gunning of America: Business and the Making of American Gun Culture,Four,Â£16.81
261,The Beast (Black Dagger Brotherhood #14),Five,Â£46.08
262,Some Women,Five,Â£13.73
263,Shopaholic Ties the Knot (Shopaholic #3),Five,Â£48.39
264,Paper and Fire (The Great Library #2),Five,Â£49.45
265,Outlander (Outlander #1),Five,Â£19.67
266,No One Here Gets Out Alive,Five,Â£20.02
267,Night Shift (Night Shift #1-20),Four,Â£12.75
268,Needful Things,Four,Â£47.51
269,Mockingjay (The Hunger Games #3),Four,Â£20.44
270,Little Women (Little Women #1),Four,Â£28.07
271,Harry Potter and the Prisoner of Azkaban (Harry Potter #3),Four,Â£24.17
272,Harry Potter and the Order of the Phoenix (Harry Potter #5),Four,Â£31.63
273,Harry Potter and the Half-Blood Prince (Harry Potter #6),Five,Â£48.75
274,"Fruits Basket, Vol. 4 (Fruits Basket #4)",Four,Â£50.44
275,Atlas Shrugged,Five,Â£26.58
276,A New Earth: Awakening to Your Life's Purpose,Five,Â£55.65
277,'Salem's Lot,Four,Â£49.56
278,When You Are Engulfed in Flames,Five,Â£30.89
279,Voyager (Outlander #3),Five,Â£21.07
280,The Undomestic Goddess,Four,Â£45.75
281,The Silkworm (Cormoran Strike #2),Five,Â£23.05
282,"The Sandman, Vol. 3: Dream Country (The Sandman (volumes) #3)",Five,Â£55.55
283,The Rose & the Dagger (The Wrath and the Dawn #2),Four,Â£58.64
284,The Red Tent,Five,Â£35.66
285,The Nightingale,Four,Â£26.26
286,The Nanny Diaries (Nanny #1),Five,Â£52.53
287,The Lonely Ones,Five,Â£43.59
288,"The Land of 10,000 Madonnas",Four,Â£29.64
289,The Husband's Secret,Five,Â£52.51
290,"The End of Faith: Religion, Terror, and the Future of Reason",Four,Â£22.13
291,"The Elegant Universe: Superstrings, Hidden Dimensions, and the Quest for the Ultimate Theory",Four,Â£13.03
292,"The Disappearing Spoon: And Other True Tales of Madness, Love, and the History of the World from the Periodic Table of the Elements",Five,Â£57.35
293,The Demon-Haunted World: Science as a Candle in the Dark,Four,Â£52.25
294,The Day the Crayons Came Home (Crayons),Five,Â£26.33
295,The Complete Stories and Poems (The Works of Edgar Allan Poe [Cameo Edition]),Four,Â£26.78
296,The Complete Poems,Five,Â£41.32
297,The Book of Basketball: The NBA According to The Sports Guy,Five,Â£44.84
298,The Blind Side: Evolution of a Game,Five,Â£53.71
299,Something Borrowed (Darcy & Rachel #1),Five,Â£48.96
300,Seven Brief Lessons on Physics,Four,Â£30.60
301,Scarlet (The Lunar Chronicles #2),Four,Â£14.57
302,"Saga, Volume 3 (Saga (Collected Editions) #3)",Five,Â£21.57
303,Running with Scissors,Four,Â£12.91
304,"Rise of the Rocket Girls: The Women Who Propelled Us, from Missiles to the Moon to Mars",Four,Â£41.67
305,Ready Player One,Four,Â£19.07
306,Life Without a Recipe,Five,Â£59.04
307,Legend (Legend #1),Four,Â£43.69
308,"Lamb: The Gospel According to Biff, Christ's Childhood Pal",Five,Â£55.50
309,Lady Renegades (Rebel Belle #3),Five,Â£53.04
310,Into the Wild,Five,Â£56.70
311,Inferno (Robert Langdon #4),Five,Â£41.00
312,If I Run (If I Run #1),Four,Â£49.97
313,Heir to the Sky,Four,Â£44.07
314,Green Eggs and Ham (Beginner Books B-16),Four,Â£10.79
315,Gratitude,Five,Â£26.66
316,Gone Girl,Five,Â£37.60
317,Golden (Heart of Dread #3),Four,Â£42.21
318,Fire Bound (Sea Haven/Sisters of the Heart #5),Four,Â£21.28
319,Fifty Shades Freed (Fifty Shades #3),Five,Â£15.36
320,Disrupted: My Misadventure in the Start-Up Bubble,Five,Â£15.28
321,Dead Wake: The Last Crossing of the Lusitania,Five,Â£39.24
322,Dark Places,Five,Â£23.90
323,Crazy Rich Asians (Crazy Rich Asians #1),Five,Â£49.13
324,Breaking Dawn (Twilight #4),Five,Â£35.28
325,Brave Enough,Five,Â£51.32
326,Blink: The Power of Thinking Without Thinking,Five,Â£21.74
327,Between Shades of Gray,Five,Â£20.79
328,Beautiful Creatures (Caster Chronicles #1),Five,Â£21.55
329,Ash,Four,Â£22.06
330,Annie on My Mind,Five,Â£36.83
331,A Walk in the Woods: Rediscovering America on the Appalachian Trail,Four,Â£30.48
332,A Visit from the Goon Squad,Five,Â£14.08
333,A Heartbreaking Work of Staggering Genius,Five,Â£54.29
334,New Moon (Twilight #2),Four,Â£12.86
335,Life,Five,Â£31.58
336,H is for Hawk,Five,Â£57.42
337,"Fruits Basket, Vol. 2 (Fruits Basket #2)",Five,Â£11.64
338,Diary of a Minecraft Zombie Book 1: A Scare of a Dare (An Unofficial Minecraft Book),Four,Â£52.88
339,"Y: The Last Man, Vol. 1: Unmanned (Y: The Last Man #1)",Four,Â£18.51
340,While You Were Mine,Five,Â£41.32
341,Ways of Seeing,Five,Â£39.51
342,Twenty Love Poems and a Song of Despair,Four,Â£30.95
343,Travels with Charley: In Search of America,Five,Â£57.82
344,The Zombie Room,Five,Â£19.69
345,The Tumor,Five,Â£41.56
346,The Story of Hong Gildong,Four,Â£43.19
347,The Silent Wife,Five,Â£12.34
348,The No. 1 Ladies' Detective Agency (No. 1 Ladies' Detective Agency #1),Four,Â£57.70
349,The Hook Up (Game On #1),Five,Â£36.29
350,The Haters,Five,Â£27.89
351,The Girl You Lost,Five,Â£12.29
352,The Edge of Reason (Bridget Jones #2),Four,Â£19.18
353,The Art of Not Breathing,Four,Â£40.83
354,Shadow Rites (Jane Yellowrock #10),Four,Â£21.72
355,"Rat Queens, Vol. 1: Sass & Sorcery (Rat Queens (Collected Editions) #1-5)",Five,Â£46.96
356,"Paper Girls, Vol. 1 (Paper Girls #1-5)",Four,Â£21.71
357,Off Sides (Off #1),Five,Â£39.45
358,Myriad (Prentor #1),Four,Â£58.75
359,"Ms. Marvel, Vol. 1: No Normal (Ms. Marvel (2014-2015) #1)",Four,Â£39.39
360,Lost Among the Living,Four,Â£27.70
361,Kitchens of the Great Midwest,Five,Â£57.20
362,Jane Eyre,Five,Â£38.43
363,Imperfect Harmony,Four,Â£34.74
364,Icing (Aces Hockey #2),Four,Â£40.44
365,Having the Barbarian's Baby (Ice Planet Barbarians #7.5),Four,Â£34.96
366,"Giant Days, Vol. 1 (Giant Days #1-4)",Four,Â£56.76
367,"Fruits Basket, Vol. 1 (Fruits Basket #1)",Five,Â£40.28
368,Deep Under (Walker Security #1),Five,Â£47.09
369,Choosing Our Religion: The Spiritual Lives of America's Nones,Four,Â£28.42
370,Bright Lines,Five,Â£39.07
371,Bounty (Colorado Mountain #7),Four,Â£37.26
372,"Bleach, Vol. 1: Strawberry and the Soul Reapers (Bleach #1)",Five,Â£34.65
373,"Ajin: Demi-Human, Volume 1 (Ajin: Demi-Human #1)",Four,Â£57.06
374,A Spy's Devotion (The Regency Spies of London #1),Five,Â£16.97
375,"1,000 Places to See Before You Die",Five,Â£26.08
